question_id,question,tags,upvotes,downvotes,timestamp,answer_id
2793c18ba4ca11ecbbf848f17fd09778,Non quiquia amet etincidunt.,t-m-i,99,20,2022-03-15 23:37:03.659262,e06dda0aa53911ecb6f23035adc825ee
282d2820a4ca11ecb62d48f17fd09778,Sed numquam amet sit labore.,u-g-f-q-a-y-j-w-h,10,5,2022-03-15 23:37:08.671167,eb4c0aaaa53911ecb6f23035adc825ee-eb4c0b90a53911ecb6f23035adc825ee-eb4c0be0a53911ecb6f23035adc825ee-eb4c0c12a53911ecb6f23035adc825ee-eb4c0c3aa53911ecb6f23035adc825ee-eb4c0c62a53911ecb6f23035adc825ee-eb4c0c8aa53911ecb6f23035adc825ee
28c85e78a4ca11eca1df48f17fd09778,Magnam sit amet numquam neque velit.,x-s-c-b,10,22,2022-03-15 23:37:13.677147,f7c2c8faa53911ecb6f23035adc825ee-f7c2c9e0a53911ecb6f23035adc825ee-f7c2ca3aa53911ecb6f23035adc825ee-f7c2ca76a53911ecb6f23035adc825ee-f7c2cab2a53911ecb6f23035adc825ee-f7c2cae4a53911ecb6f23035adc825ee-f7c2cb16a53911ecb6f23035adc825ee-f7c2cb48a53911ecb6f23035adc825ee
29614af5a4ca11ecae8748f17fd09778,Eius est magnam ut porro dolore modi.,d-o,89,72,2022-03-15 23:37:18.681096, 00aa5154a53a11ecb6f23035adc825ee-00aa524ea53a11ecb6f23035adc825ee-00aa52b2a53a11ecb6f23035adc825ee-00aa52eea53a11ecb6f23035adc825ee-00aa532aa53a11ecb6f23035adc825ee-00aa535ca53a11ecb6f23035adc825ee
29fa7d76a4ca11ecbb0f48f17fd09778,Non non velit sit dolor aliquam sed magnam.,z-a-d-o,92,52,2022-03-15 23:37:23.689284,09253e20a53a11ecb6f23035adc825ee-09253f10a53a11ecb6f23035adc825ee-09253f56a53a11ecb6f23035adc825ee
2a942396a4ca11ecb00c48f17fd09778,Labore ipsum dolor etincidunt.,e-z-a-q-y,81,53,2022-03-15 23:37:28.707216,10fc9a9ea53a11ecb6f23035adc825ee-10fc9b84a53a11ecb6f23035adc825ee-10fc9bcaa53a11ecb6f23035adc825ee
2b2d9ef9a4ca11ec841248f17fd09778,Est adipisci quaerat velit sit.,x-j,64,70,2022-03-15 23:37:33.723136,abcf67c6a53b11ecb6f23035adc825ee-abcf68a2a53b11ecb6f23035adc825ee-abcf68e8a53b11ecb6f23035adc825ee-abcf691aa53b11ecb6f23035adc825ee-abcf6942a53b11ecb6f23035adc825ee
2bc8e3d9a4ca11ec93a348f17fd09778,Numquam numquam porro modi eius dolore quisquam.,p-t-k-x-h-n-j,26,65,2022-03-15 23:37:38.741969, 375ab888a53a11ecb6f23035adc825ee-375ab95aa53a11ecb6f23035adc825ee-375ab9a0a53a11ecb6f23035adc825ee-375ab9c8a53a11ecb6f23035adc825ee-375ab9faa53a11ecb6f23035adc825ee-375aba22a53a11ecb6f23035adc825ee-375aba40a53a11ecb6f23035adc825ee-375aba68a53a11ecb6f23035adc825ee-375aba90a53a11ecb6f23035adc825ee
2c639904a4ca11ec878948f17fd09778,Velit dolor adipisci non tempora quiquia.,v-d-n-o-i,28,49,2022-03-15 23:37:43.755156,409ed3caa53a11ecb6f23035adc825ee
2cfe5a36a4ca11ecb39748f17fd09778,Numquam ipsum quisquam modi dolorem.,c-v-s-b-i-l-r-g,83,57,2022-03-15 23:37:48.765199,4861411aa53a11ecb6f23035adc825ee
2d97786da4ca11ec97e948f17fd09778,Est ut velit dolore adipisci labore est est.,m-w-d-c-y-q,68,28,2022-03-15 23:37:53.772170,508df14ea53a11ecb6f23035adc825ee-508df252a53a11ecb6f23035adc825ee-508df28ea53a11ecb6f23035adc825ee-508df2c0a53a11ecb6f23035adc825ee
2e325dd1a4ca11ec968248f17fd09778,Dolor porro modi ut magnam dolorem.,p,82,97,2022-03-15 23:37:58.789517,56ec7966a53a11ecb6f23035adc825ee-56ec7a38a53a11ecb6f23035adc825ee-56ec7a7ea53a11ecb6f23035adc825ee-56ec7ab0a53a11ecb6f23035adc825ee
2ecb71aca4ca11ecbde848f17fd09778,Dolor quiquia ipsum sed sed est.,u-a-r-i-o-j-w-g,91,50,2022-03-15 23:38:03.794552,5d62a5cca53a11ecb6f23035adc825ee-5d62a6b2a53a11ecb6f23035adc825ee-5d62a6f8a53a11ecb6f23035adc825ee-5d62a72aa53a11ecb6f23035adc825ee-5d62a752a53a11ecb6f23035adc825ee
2f64b7e1a4ca11ec9a8f48f17fd09778,Etincidunt dolore quisquam adipisci.,i-a-y-o-f-d-u-m,70,60,2022-03-15 23:38:08.798622,befdbe38a53b11ecb6f23035adc825ee-befdbf0aa53b11ecb6f23035adc825ee-befdbf50a53b11ecb6f23035adc825ee-befdbf82a53b11ecb6f23035adc825ee-befdbfaaa53b11ecb6f23035adc825ee
2ffdd255a4ca11ecb9a148f17fd09778,Velit est magnam amet.,v-m-z-e-r-d-a-p-c-y,55,96,2022-03-15 23:38:13.814248,7119b038a53a11ecb6f23035adc825ee-7119b114a53a11ecb6f23035adc825ee
3097218aa4ca11ecafe648f17fd09778,Aliquam quiquia consectetur magnam.,v-g-d-b-p,2,24,2022-03-15 23:38:18.817011,78870870a53a11ecb6f23035adc825ee-78870960a53a11ecb6f23035adc825ee-788709a6a53a11ecb6f23035adc825ee
3131fd40a4ca11ec895c48f17fd09778,Voluptatem sed porro aliquam adipisci non.,r,82,4,2022-03-15 23:38:23.822016,cbcd0e8ea53b11ecb6f23035adc825ee
31cd2d39a4ca11ecb3be48f17fd09778,Quisquam aliquam sit numquam porro modi labore tempora.,r-w,79,51,2022-03-15 23:38:28.833885,8630648aa53a11ecb6f23035adc825ee-8630655ca53a11ecb6f23035adc825ee-86306598a53a11ecb6f23035adc825ee-863065caa53a11ecb6f23035adc825ee-863065f2a53a11ecb6f23035adc825ee
32682dd2a4ca11ec852648f17fd09778,Aliquam ut tempora quisquam magnam voluptatem adipisci.,n-s-q-p,64,2,2022-03-15 23:38:33.839330,8dcf7230a53a11ecb6f23035adc825ee
3302c7b9a4ca11ec9a8948f17fd09778,Aliquam dolorem numquam quiquia amet neque magnam quisquam.,x-m-f-s-v-r-k-e-y,39,62,2022-03-15 23:38:38.855281,95e5837ea53a11ecb6f23035adc825ee-95e58a36a53a11ecb6f23035adc825ee-95e58ab8a53a11ecb6f23035adc825ee-95e58b08a53a11ecb6f23035adc825ee-95e58b4ea53a11ecb6f23035adc825ee-95e58b94a53a11ecb6f23035adc825ee
339dc0aca4ca11ec820a48f17fd09778,Amet est voluptatem quiquia modi etincidunt dolore ut.,l-h-k-z-d-m-n-b-e-o,11,76,2022-03-15 23:38:43.864096,d7e3f980a53b11ecb6f23035adc825ee-d7e3fa52a53b11ecb6f23035adc825ee-d7e3fa98a53b11ecb6f23035adc825ee-d7e3fac0a53b11ecb6f23035adc825ee-d7e3fae8a53b11ecb6f23035adc825ee-d7e3fb1aa53b11ecb6f23035adc825ee
34390042a4ca11ec86ce48f17fd09778,Neque magnam non quaerat ipsum.,w-k-v-i-p-e,37,89,2022-03-15 23:38:48.881315,a72abbc2a53a11ecb6f23035adc825ee-a72abc94a53a11ecb6f23035adc825ee-a72abcdaa53a11ecb6f23035adc825ee-a72abd0ca53a11ecb6f23035adc825ee
34d2c6c6a4ca11eca79b48f17fd09778,Est amet quaerat est neque quisquam etincidunt quaerat.,e,60,74,2022-03-15 23:38:53.896883,ae9654d4a53a11ecb6f23035adc825ee-ae96560aa53a11ecb6f23035adc825ee-ae965650a53a11ecb6f23035adc825ee-ae965678a53a11ecb6f23035adc825ee
356df67ba4ca11ec9ea848f17fd09778,Quiquia porro numquam dolorem.,l-g-j,52,59,2022-03-15 23:38:58.911549,b53b6d56a53a11ecb6f23035adc825ee
36075eada4ca11ecba4048f17fd09778,Est magnam labore adipisci consectetur.,l-x-j,11,53,2022-03-15 23:39:03.917004,bce92b4ca53a11ecb6f23035adc825ee-bce92c14a53a11ecb6f23035adc825ee-bce92c5aa53a11ecb6f23035adc825ee-bce92c82a53a11ecb6f23035adc825ee-bce92caaa53a11ecb6f23035adc825ee-bce92cdca53a11ecb6f23035adc825ee-bce92cfaa53a11ecb6f23035adc825ee-bce92d22a53a11ecb6f23035adc825ee
36a0e37aa4ca11ec90ee48f17fd09778,Eius quaerat dolor neque aliquam dolore.,h-u,26,58,2022-03-15 23:39:08.929399,c55e2d7ca53a11ecb6f23035adc825ee-c55e2f02a53a11ecb6f23035adc825ee-c55e2fcaa53a11ecb6f23035adc825ee-c55e30f6a53a11ecb6f23035adc825ee-c55e3204a53a11ecb6f23035adc825ee-c55e329aa53a11ecb6f23035adc825ee-c55e3308a53a11ecb6f23035adc825ee-c55e3362a53a11ecb6f23035adc825ee
373c09eaa4ca11ec8b8d48f17fd09778,Adipisci dolor neque ut sed velit.,g-m-d-f-v-u-t-k-z,16,99,2022-03-15 23:39:13.942538,ce0d8968a53a11ecb6f23035adc825ee-ce0d8a44a53a11ecb6f23035adc825ee-ce0d8a8aa53a11ecb6f23035adc825ee-ce0d8ab2a53a11ecb6f23035adc825ee-ce0d8ae4a53a11ecb6f23035adc825ee-ce0d8b0ca53a11ecb6f23035adc825ee
37d7494aa4ca11eca40048f17fd09778,Quaerat numquam numquam eius sed etincidunt.,b-z-p-s-m-g-u-l-e,8,13,2022-03-15 23:39:18.960504,d790694ca53a11ecb6f23035adc825ee-d7906a32a53a11ecb6f23035adc825ee-d7906a78a53a11ecb6f23035adc825ee-d7906aaaa53a11ecb6f23035adc825ee
38705b58a4ca11ecbd7248f17fd09778,Dolorem amet dolor neque.,j-c-n-h-g-k-v,23,30,2022-03-15 23:39:23.978761,de73b14ca53a11ecb6f23035adc825ee-de73b21ea53a11ecb6f23035adc825ee-de73b264a53a11ecb6f23035adc825ee-de73b296a53a11ecb6f23035adc825ee
390b70e9a4ca11eca3da48f17fd09778,Magnam est modi est non.,e-z-b-c-d-a,36,97,2022-03-15 23:39:28.982233,e53828faa53a11ecb6f23035adc825ee-e53829eaa53a11ecb6f23035adc825ee-e5382a26a53a11ecb6f23035adc825ee-e5382a58a53a11ecb6f23035adc825ee-e5382a8aa53a11ecb6f23035adc825ee-e5382ab2a53a11ecb6f23035adc825ee-e5382adaa53a11ecb6f23035adc825ee-e5382af8a53a11ecb6f23035adc825ee-e5382b2aa53a11ecb6f23035adc825ee
39a69803a4ca11eca0f748f17fd09778,Consectetur non modi consectetur quaerat ipsum ipsum.,m-r-j-k-y-x-g-w-a-u,10,17,2022-03-15 23:39:33.987736,ed62c2baa53a11ecb6f23035adc825ee-ed62c4d6a53a11ecb6f23035adc825ee
3a41d8e1a4ca11ec9e5a48f17fd09778,Est sit velit consectetur.,u-k-x,9,54,2022-03-15 23:39:38.991910,f59b1018a53a11ecb6f23035adc825ee-f59b10fea53a11ecb6f23035adc825ee-f59b113aa53a11ecb6f23035adc825ee-f59b1162a53a11ecb6f23035adc825ee-f59b118aa53a11ecb6f23035adc825ee-f59b11b2a53a11ecb6f23035adc825ee-f59b11daa53a11ecb6f23035adc825ee-f59b1202a53a11ecb6f23035adc825ee
3add040da4ca11ecaf6748f17fd09778,Magnam porro aliquam amet dolor.,a,11,67,2022-03-15 23:39:44.007461,fc9069fea53a11ecb6f23035adc825ee-fc906ae4a53a11ecb6f23035adc825ee-fc906b20a53a11ecb6f23035adc825ee-fc906b52a53a11ecb6f23035adc825ee-fc906b7aa53a11ecb6f23035adc825ee
3b7794dda4ca11eca9b648f17fd09778,Sed porro consectetur eius.,k-d-g-o-t-p-v-n-y,94,39,2022-03-15 23:39:49.015148,e91f2648a53b11ecb6f23035adc825ee
3c121368a4ca11ec917a48f17fd09778,Non porro consectetur dolorem est etincidunt consectetur.,g-j-r,42,19,2022-03-15 23:39:54.019485,0bbc02b2a53b11ecb6f23035adc825ee-0bbc0398a53b11ecb6f23035adc825ee-0bbc03dea53b11ecb6f23035adc825ee-0bbc0410a53b11ecb6f23035adc825ee-0bbc0438a53b11ecb6f23035adc825ee
3cace59ba4ca11ec81fb48f17fd09778,Etincidunt ut eius aliquam.,e-v-c-o-x-s,51,18,2022-03-15 23:39:59.027967,12fb328ca53b11ecb6f23035adc825ee-12fb3368a53b11ecb6f23035adc825ee-12fb33a4a53b11ecb6f23035adc825ee-12fb33d6a53b11ecb6f23035adc825ee-12fb33fea53b11ecb6f23035adc825ee-12fb3426a53b11ecb6f23035adc825ee-12fb344ea53b11ecb6f23035adc825ee
3d47de02a4ca11eca1a948f17fd09778,Etincidunt dolore etincidunt ipsum etincidunt.,b-d-n-s-j-f,92,54,2022-03-15 23:40:04.042167,f91e120ca53b11ecb6f23035adc825ee-f91e12e8a53b11ecb6f23035adc825ee-f91e132ea53b11ecb6f23035adc825ee
3de2f75ca4ca11ec86f148f17fd09778,Quisquam ut eius ipsum dolor est consectetur.,k,75,29,2022-03-15 23:40:09.051142,21a32c40a53b11ecb6f23035adc825ee-21a32d1ca53b11ecb6f23035adc825ee-21a32d62a53b11ecb6f23035adc825ee-21a32d8aa53b11ecb6f23035adc825ee-21a32dbca53b11ecb6f23035adc825ee
3e7e034ca4ca11ec896248f17fd09778,Dolor tempora porro modi adipisci velit modi sit.,e-z-w-r-q-u-x-c,9,39,2022-03-15 23:40:14.066707,2a4c1834a53b11ecb6f23035adc825ee-2a4c1906a53b11ecb6f23035adc825ee-2a4c194ca53b11ecb6f23035adc825ee-2a4c197ea53b11ecb6f23035adc825ee-2a4c19a6a53b11ecb6f23035adc825ee-2a4c19cea53b11ecb6f23035adc825ee-2a4c19f6a53b11ecb6f23035adc825ee-2a4c1a14a53b11ecb6f23035adc825ee-2a4c1a3ca53b11ecb6f23035adc825ee
3f16d0d7a4ca11ec96fb48f17fd09778,Aliquam etincidunt non neque sed velit.,b-w-a-e-h-s,7,80,2022-03-15 23:40:19.082292,44ef51d8a53b11ecb6f23035adc825ee
3fb20e37a4ca11ecad9948f17fd09778,Amet eius dolore quisquam dolorem consectetur velit.,v-l-t-i-c,87,23,2022-03-15 23:40:24.097096,4d595814a53b11ecb6f23035adc825ee-4d5958e6a53b11ecb6f23035adc825ee-4d59592ca53b11ecb6f23035adc825ee
404cd1cea4ca11ecbea048f17fd09778,Quaerat consectetur velit ipsum velit velit.,m,95,99,2022-03-15 23:40:29.113190,550bc088a53b11ecb6f23035adc825ee-550bc18ca53b11ecb6f23035adc825ee-550bc1d2a53b11ecb6f23035adc825ee
40e5e2e2a4ca11ecb1cd48f17fd09778,Dolor aliquam etincidunt adipisci.,r-v-g-e-u-j,23,50,2022-03-15 23:40:34.129028,5ca535cca53b11ecb6f23035adc825ee-5ca536b2a53b11ecb6f23035adc825ee-5ca536eea53b11ecb6f23035adc825ee-5ca53720a53b11ecb6f23035adc825ee-5ca53748a53b11ecb6f23035adc825ee
417f5bdba4ca11ec8aa848f17fd09778,Aliquam magnam sed dolore amet quiquia quisquam.,p-l-t-g-v-z-u,79,77,2022-03-15 23:40:39.143402,63d71568a53b11ecb6f23035adc825ee-63d71644a53b11ecb6f23035adc825ee-63d7168aa53b11ecb6f23035adc825ee-63d716b2a53b11ecb6f23035adc825ee
42186f58a4ca11eca3ba48f17fd09778,Modi sed tempora velit.,q-c-g-f-w-l,19,21,2022-03-15 23:40:44.150344,6ae2d0d6a53b11ecb6f23035adc825ee-6ae2d1a8a53b11ecb6f23035adc825ee-6ae2d1f8a53b11ecb6f23035adc825ee-6ae2d220a53b11ecb6f23035adc825ee-6ae2d248a53b11ecb6f23035adc825ee-6ae2d27aa53b11ecb6f23035adc825ee-6ae2d2a2a53b11ecb6f23035adc825ee-6ae2d2c0a53b11ecb6f23035adc825ee
42b23c85a4ca11ec95d548f17fd09778,Quaerat velit adipisci neque aliquam.,p-u-r-s-h-c-f-q-m,16,25,2022-03-15 23:40:49.159059,736659e4a53b11ecb6f23035adc825ee-73665ab6a53b11ecb6f23035adc825ee-73665afca53b11ecb6f23035adc825ee-73665b2ea53b11ecb6f23035adc825ee-73665b60a53b11ecb6f23035adc825ee-73665b88a53b11ecb6f23035adc825ee-73665bb0a53b11ecb6f23035adc825ee
434b1c40a4ca11ecbc8248f17fd09778,Est numquam quisquam porro dolor.,z-e-j,13,33,2022-03-15 23:40:54.175771,7a47633ea53b11ecb6f23035adc825ee-7a47641aa53b11ecb6f23035adc825ee-7a476460a53b11ecb6f23035adc825ee-7a476492a53b11ecb6f23035adc825ee-7a4764c4a53b11ecb6f23035adc825ee-7a4764eca53b11ecb6f23035adc825ee-7a476514a53b11ecb6f23035adc825ee-7a476532a53b11ecb6f23035adc825ee-7a47655aa53b11ecb6f23035adc825ee
43e4f759a4ca11ecae9a48f17fd09778,Ipsum sit ipsum ipsum ipsum est non est.,f-q-i-d-w-e-u-m-h,31,33,2022-03-15 23:40:59.187992,8583c67aa53b11ecb6f23035adc825ee
447dd995a4ca11eca3e748f17fd09778,Quaerat velit sed eius.,v-j-d-e-l-c-p-m-f,53,85,2022-03-15 23:41:04.196478, 8cd9a458a53b11ecb6f23035adc825ee-8cd9a534a53b11ecb6f23035adc825ee-8cd9a584a53b11ecb6f23035adc825ee-8cd9a5b6a53b11ecb6f23035adc825ee
4516c2dba4ca11eca90148f17fd09778,Labore dolore numquam amet.,y-f-t-z-d-j-q-b-i-u,53,22,2022-03-15 23:41:09.200738,9431b7c2a53b11ecb6f23035adc825ee-9431b89ea53b11ecb6f23035adc825ee-9431b8e4a53b11ecb6f23035adc825ee-9431b916a53b11ecb6f23035adc825ee-9431b93ea53b11ecb6f23035adc825ee
